Departure,Arrival,Airline,Time,Price
"Kempegowda International Airport Bengaluru at 7:05 PM on Saturday, November 29","Indira Gandhi International Airport at 9:55 PM on Saturday, November 29",Air India Express,2 hr 50 min.,11585 INR
"Kempegowda International Airport Bengaluru at 10:00 PM on Saturday, November 29","Indira Gandhi International Airport at 12:55 AM on Sunday, November 30",Air India,2 hr 55 min.,11585 INR
"Kempegowda International Airport Bengaluru at 10:05 PM on Saturday, November 29","Indira Gandhi International Airport at 1:00 AM on Sunday, November 30",IndiGo,2 hr 55 min.,12389 INR
"Kempegowda International Airport Bengaluru at 8:30 AM on Saturday, November 29","Indira Gandhi International Airport at 10:40 PM on Saturday, November 29",Air India,"14 hr 10 min. Layover (1 of 2) is a 7 hr 30 min layover at Chhatrapati Shivaji Maharaj International Airport Mumbai in Mumbai. Layover (2 of 2) is a 1 hr 40 min layover at Devi Ahilyabai Holkar International Airport, Indore in Indore",10201 INR
"Kempegowda International Airport Bengaluru at 6:00 PM on Saturday, November 29","Indira Gandhi International Airport at 8:50 PM on Saturday, November 29",Air India,2 hr 50 min.,11585 INR
"Kempegowda International Airport Bengaluru at 7:00 PM on Saturday, November 29","Indira Gandhi International Airport at 10:10 PM on Saturday, November 29",Air India,3 hr 10 min.,11585 INR
"Kempegowda International Airport Bengaluru at 7:30 PM on Saturday, November 29","Indira Gandhi International Airport at 10:30 PM on Saturday, November 29",Air India,3 hr.,11585 INR
"Kempegowda International Airport Bengaluru at 8:00 PM on Saturday, November 29","Indira Gandhi International Airport at 10:55 PM on Saturday, November 29",Air India,2 hr 55 min.,11585 INR
"Kempegowda International Airport Bengaluru at 9:00 PM on Saturday, November 29","Indira Gandhi International Airport at 12:05 AM on Sunday, November 30",Air India,3 hr 5 min.,11585 INR
"Kempegowda International Airport Bengaluru at 10:25 PM on Saturday, November 29","Indira Gandhi International Airport at 1:25 AM on Sunday, November 30",Air India,3 hr.,11585 INR
"Kempegowda International Airport Bengaluru at 8:30 PM on Saturday, November 29","Indira Gandhi International Airport at 11:20 PM on Saturday, November 29",IndiGo,2 hr 50 min.,12389 INR
"Kempegowda International Airport Bengaluru at 11:30 PM on Saturday, November 29","Indira Gandhi International Airport at 2:25 AM on Sunday, November 30",IndiGo,2 hr 55 min.,12389 INR
"Kempegowda International Airport Bengaluru at 3:30 PM on Saturday, November 29","Indira Gandhi International Airport at 6:30 PM on Saturday, November 29",IndiGo,3 hr.,12967 INR
"Kempegowda International Airport Bengaluru at 4:50 PM on Saturday, November 29","Indira Gandhi International Airport at 7:45 PM on Saturday, November 29",IndiGo,2 hr 55 min.,12967 INR
"Kempegowda International Airport Bengaluru at 6:00 PM on Saturday, November 29","Indira Gandhi International Airport at 8:55 PM on Saturday, November 29",IndiGo,2 hr 55 min.,12967 INR
"Kempegowda International Airport Bengaluru at 7:15 PM on Saturday, November 29","Indira Gandhi International Airport at 10:05 PM on Saturday, November 29",IndiGo,2 hr 50 min.,12967 INR
"Kempegowda International Airport Bengaluru at 12:30 PM on Saturday, November 29","Indira Gandhi International Airport at 3:30 PM on Saturday, November 29",Air India,3 hr.,13342 INR
"Kempegowda International Airport Bengaluru at 3:00 PM on Saturday, November 29","Indira Gandhi International Airport at 6:00 PM on Saturday, November 29",Air India,3 hr.,13342 INR
"Kempegowda International Airport Bengaluru at 4:35 PM on Saturday, November 29","Indira Gandhi International Airport at 7:40 PM on Saturday, November 29",Air India,3 hr 5 min.,13342 INR
"Kempegowda International Airport Bengaluru at 2:10 PM on Saturday, November 29","Indira Gandhi International Airport at 5:10 PM on Saturday, November 29",IndiGo,3 hr.,13413 INR
"Kempegowda International Airport Bengaluru at 5:45 AM on Saturday, November 29","Indira Gandhi International Airport at 8:35 AM on Saturday, November 29",IndiGo,2 hr 50 min.,13891 INR
"Kempegowda International Airport Bengaluru at 7:05 AM on Saturday, November 29","Indira Gandhi International Airport at 9:55 AM on Saturday, November 29",IndiGo,2 hr 50 min.,13891 INR
"Kempegowda International Airport Bengaluru at 11:45 AM on Saturday, November 29","Indira Gandhi International Airport at 2:45 PM on Saturday, November 29",IndiGo,3 hr.,13891 INR
"Kempegowda International Airport Bengaluru at 4:25 PM on Saturday, November 29","Indira Gandhi International Airport at 7:20 PM on Saturday, November 29",SpiceJet,2 hr 55 min.,14005 INR
"Kempegowda International Airport Bengaluru at 6:00 AM on Saturday, November 29","Indira Gandhi International Airport at 8:50 AM on Saturday, November 29",Air India Express,2 hr 50 min.,14334 INR
"Kempegowda International Airport Bengaluru at 6:40 AM on Saturday, November 29","Indira Gandhi International Airport at 9:40 AM on Saturday, November 29",Air India Express,3 hr.,14334 INR
"Kempegowda International Airport Bengaluru at 12:15 AM on Saturday, November 29","Indira Gandhi International Airport at 3:15 AM on Saturday, November 29",Air India,3 hr.,14660 INR
"Kempegowda International Airport Bengaluru at 5:30 AM on Saturday, November 29","Indira Gandhi International Airport at 8:30 AM on Saturday, November 29",Air India,3 hr.,14660 INR
"Kempegowda International Airport Bengaluru at 6:00 AM on Saturday, November 29","Indira Gandhi International Airport at 8:55 AM on Saturday, November 29",Air India,2 hr 55 min.,14660 INR
"Kempegowda International Airport Bengaluru at 7:00 AM on Saturday, November 29","Indira Gandhi International Airport at 10:00 AM on Saturday, November 29",Air India,3 hr.,14660 INR
"Kempegowda International Airport Bengaluru at 9:55 AM on Saturday, November 29","Indira Gandhi International Airport at 12:55 PM on Saturday, November 29",Air India,3 hr.,14660 INR
"Kempegowda International Airport Bengaluru at 11:00 AM on Saturday, November 29","Indira Gandhi International Airport at 2:10 PM on Saturday, November 29",Air India,3 hr 10 min.,14660 INR
"Kempegowda International Airport Bengaluru at 2:00 PM on Saturday, November 29","Indira Gandhi International Airport at 4:55 PM on Saturday, November 29",Air India,2 hr 55 min.,14660 INR
"Kempegowda International Airport Bengaluru at 2:35 PM on Saturday, November 29","Indira Gandhi International Airport at 5:30 PM on Saturday, November 29",Air India,2 hr 55 min.,14660 INR
"Kempegowda International Airport Bengaluru at 4:00 AM on Saturday, November 29","Indira Gandhi International Airport at 7:00 AM on Saturday, November 29",Akasa Air,3 hr.,14679 INR
"Kempegowda International Airport Bengaluru at 11:15 AM on Saturday, November 29","Indira Gandhi International Airport at 2:10 PM on Saturday, November 29",Akasa Air,2 hr 55 min.,14880 INR
"Kempegowda International Airport Bengaluru at 5:55 AM on Saturday, November 29","Indira Gandhi International Airport at 8:45 AM on Saturday, November 29",SpiceJet,2 hr 50 min.,14899 INR
"Kempegowda International Airport Bengaluru at 8:00 AM on Saturday, November 29","Indira Gandhi International Airport at 10:45 AM on Saturday, November 29",Air India,2 hr 45 min.,15174 INR
"Kempegowda International Airport Bengaluru at 10:45 AM on Saturday, November 29","Indira Gandhi International Airport at 1:40 PM on Saturday, November 29",IndiGo,2 hr 55 min.,15359 INR
"Kempegowda International Airport Bengaluru at 5:00 AM on Saturday, November 29","Indira Gandhi International Airport at 7:55 AM on Saturday, November 29",Akasa Air,2 hr 55 min.,15389 INR
"Kempegowda International Airport Bengaluru at 8:10 AM on Saturday, November 29","Indira Gandhi International Airport at 11:00 AM on Saturday, November 29",Akasa Air,2 hr 50 min.,15389 INR
"Kempegowda International Airport Bengaluru at 10:20 AM on Saturday, November 29","Indira Gandhi International Airport at 1:10 PM on Saturday, November 29",Akasa Air,2 hr 50 min.,15668 INR
"Kempegowda International Airport Bengaluru at 9:15 AM on Saturday, November 29","Indira Gandhi International Airport at 12:10 PM on Saturday, November 29",IndiGo,2 hr 55 min.,15940 INR
"Kempegowda International Airport Bengaluru at 8:00 AM on Saturday, November 29","Indira Gandhi International Airport at 10:45 AM on Saturday, November 29",IndiGo,2 hr 45 min.,16574 INR
"Kempegowda International Airport Bengaluru at 9:00 AM on Saturday, November 29","Indira Gandhi International Airport at 12:00 PM on Saturday, November 29",Air India,3 hr.,18434 INR
"Kempegowda International Airport Bengaluru at 1:00 PM on Saturday, November 29","Indira Gandhi International Airport at 3:55 PM on Saturday, November 29",IndiGo,2 hr 55 min.,19564 INR
"Kempegowda International Airport Bengaluru at 7:05 PM on Saturday, November 29","Indira Gandhi International Airport at 9:55 PM on Saturday, November 29",Air India Express,2 hr 50 min.,11585 INR
"Kempegowda International Airport Bengaluru at 10:00 PM on Saturday, November 29","Indira Gandhi International Airport at 12:55 AM on Sunday, November 30",Air India,2 hr 55 min.,11585 INR
"Kempegowda International Airport Bengaluru at 10:05 PM on Saturday, November 29","Indira Gandhi International Airport at 1:00 AM on Sunday, November 30",IndiGo,2 hr 55 min.,12389 INR
"Kempegowda International Airport Bengaluru at 8:30 AM on Saturday, November 29","Indira Gandhi International Airport at 10:40 PM on Saturday, November 29",Air India,"14 hr 10 min. Layover (1 of 2) is a 7 hr 30 min layover at Chhatrapati Shivaji Maharaj International Airport Mumbai in Mumbai. Layover (2 of 2) is a 1 hr 40 min layover at Devi Ahilyabai Holkar International Airport, Indore in Indore",10201 INR
"Kempegowda International Airport Bengaluru at 6:00 PM on Saturday, November 29","Indira Gandhi International Airport at 8:50 PM on Saturday, November 29",Air India,2 hr 50 min.,11585 INR
"Kempegowda International Airport Bengaluru at 7:00 PM on Saturday, November 29","Indira Gandhi International Airport at 10:10 PM on Saturday, November 29",Air India,3 hr 10 min.,11585 INR
"Kempegowda International Airport Bengaluru at 7:30 PM on Saturday, November 29","Indira Gandhi International Airport at 10:30 PM on Saturday, November 29",Air India,3 hr.,11585 INR
"Kempegowda International Airport Bengaluru at 8:00 PM on Saturday, November 29","Indira Gandhi International Airport at 10:55 PM on Saturday, November 29",Air India,2 hr 55 min.,11585 INR
"Kempegowda International Airport Bengaluru at 9:00 PM on Saturday, November 29","Indira Gandhi International Airport at 12:05 AM on Sunday, November 30",Air India,3 hr 5 min.,11585 INR
"Kempegowda International Airport Bengaluru at 10:25 PM on Saturday, November 29","Indira Gandhi International Airport at 1:25 AM on Sunday, November 30",Air India,3 hr.,11585 INR
"Kempegowda International Airport Bengaluru at 8:30 PM on Saturday, November 29","Indira Gandhi International Airport at 11:20 PM on Saturday, November 29",IndiGo,2 hr 50 min.,12389 INR
"Kempegowda International Airport Bengaluru at 11:30 PM on Saturday, November 29","Indira Gandhi International Airport at 2:25 AM on Sunday, November 30",IndiGo,2 hr 55 min.,12389 INR
"Kempegowda International Airport Bengaluru at 3:30 PM on Saturday, November 29","Indira Gandhi International Airport at 6:30 PM on Saturday, November 29",IndiGo,3 hr.,12967 INR
"Kempegowda International Airport Bengaluru at 4:50 PM on Saturday, November 29","Indira Gandhi International Airport at 7:45 PM on Saturday, November 29",IndiGo,2 hr 55 min.,12967 INR
"Kempegowda International Airport Bengaluru at 6:00 PM on Saturday, November 29","Indira Gandhi International Airport at 8:55 PM on Saturday, November 29",IndiGo,2 hr 55 min.,12967 INR
"Kempegowda International Airport Bengaluru at 7:15 PM on Saturday, November 29","Indira Gandhi International Airport at 10:05 PM on Saturday, November 29",IndiGo,2 hr 50 min.,12967 INR
"Kempegowda International Airport Bengaluru at 12:30 PM on Saturday, November 29","Indira Gandhi International Airport at 3:30 PM on Saturday, November 29",Air India,3 hr.,13342 INR
"Kempegowda International Airport Bengaluru at 3:00 PM on Saturday, November 29","Indira Gandhi International Airport at 6:00 PM on Saturday, November 29",Air India,3 hr.,13342 INR
"Kempegowda International Airport Bengaluru at 4:35 PM on Saturday, November 29","Indira Gandhi International Airport at 7:40 PM on Saturday, November 29",Air India,3 hr 5 min.,13342 INR
"Kempegowda International Airport Bengaluru at 2:10 PM on Saturday, November 29","Indira Gandhi International Airport at 5:10 PM on Saturday, November 29",IndiGo,3 hr.,13413 INR
"Kempegowda International Airport Bengaluru at 5:45 AM on Saturday, November 29","Indira Gandhi International Airport at 8:35 AM on Saturday, November 29",IndiGo,2 hr 50 min.,13891 INR
"Kempegowda International Airport Bengaluru at 7:05 AM on Saturday, November 29","Indira Gandhi International Airport at 9:55 AM on Saturday, November 29",IndiGo,2 hr 50 min.,13891 INR
"Kempegowda International Airport Bengaluru at 11:45 AM on Saturday, November 29","Indira Gandhi International Airport at 2:45 PM on Saturday, November 29",IndiGo,3 hr.,13891 INR
"Kempegowda International Airport Bengaluru at 4:25 PM on Saturday, November 29","Indira Gandhi International Airport at 7:20 PM on Saturday, November 29",SpiceJet,2 hr 55 min.,14005 INR
"Kempegowda International Airport Bengaluru at 6:00 AM on Saturday, November 29","Indira Gandhi International Airport at 8:50 AM on Saturday, November 29",Air India Express,2 hr 50 min.,14334 INR
"Kempegowda International Airport Bengaluru at 6:40 AM on Saturday, November 29","Indira Gandhi International Airport at 9:40 AM on Saturday, November 29",Air India Express,3 hr.,14334 INR
"Kempegowda International Airport Bengaluru at 12:15 AM on Saturday, November 29","Indira Gandhi International Airport at 3:15 AM on Saturday, November 29",Air India,3 hr.,14660 INR
"Kempegowda International Airport Bengaluru at 5:30 AM on Saturday, November 29","Indira Gandhi International Airport at 8:30 AM on Saturday, November 29",Air India,3 hr.,14660 INR
"Kempegowda International Airport Bengaluru at 6:00 AM on Saturday, November 29","Indira Gandhi International Airport at 8:55 AM on Saturday, November 29",Air India,2 hr 55 min.,14660 INR
"Kempegowda International Airport Bengaluru at 7:00 AM on Saturday, November 29","Indira Gandhi International Airport at 10:00 AM on Saturday, November 29",Air India,3 hr.,14660 INR
"Kempegowda International Airport Bengaluru at 9:55 AM on Saturday, November 29","Indira Gandhi International Airport at 12:55 PM on Saturday, November 29",Air India,3 hr.,14660 INR
"Kempegowda International Airport Bengaluru at 11:00 AM on Saturday, November 29","Indira Gandhi International Airport at 2:10 PM on Saturday, November 29",Air India,3 hr 10 min.,14660 INR
"Kempegowda International Airport Bengaluru at 2:00 PM on Saturday, November 29","Indira Gandhi International Airport at 4:55 PM on Saturday, November 29",Air India,2 hr 55 min.,14660 INR
"Kempegowda International Airport Bengaluru at 2:35 PM on Saturday, November 29","Indira Gandhi International Airport at 5:30 PM on Saturday, November 29",Air India,2 hr 55 min.,14660 INR
"Kempegowda International Airport Bengaluru at 4:00 AM on Saturday, November 29","Indira Gandhi International Airport at 7:00 AM on Saturday, November 29",Akasa Air,3 hr.,14679 INR
"Kempegowda International Airport Bengaluru at 11:15 AM on Saturday, November 29","Indira Gandhi International Airport at 2:10 PM on Saturday, November 29",Akasa Air,2 hr 55 min.,14880 INR
"Kempegowda International Airport Bengaluru at 5:55 AM on Saturday, November 29","Indira Gandhi International Airport at 8:45 AM on Saturday, November 29",SpiceJet,2 hr 50 min.,14899 INR
"Kempegowda International Airport Bengaluru at 8:00 AM on Saturday, November 29","Indira Gandhi International Airport at 10:45 AM on Saturday, November 29",Air India,2 hr 45 min.,15174 INR
"Kempegowda International Airport Bengaluru at 10:45 AM on Saturday, November 29","Indira Gandhi International Airport at 1:40 PM on Saturday, November 29",IndiGo,2 hr 55 min.,15359 INR
"Kempegowda International Airport Bengaluru at 5:00 AM on Saturday, November 29","Indira Gandhi International Airport at 7:55 AM on Saturday, November 29",Akasa Air,2 hr 55 min.,15389 INR
"Kempegowda International Airport Bengaluru at 8:10 AM on Saturday, November 29","Indira Gandhi International Airport at 11:00 AM on Saturday, November 29",Akasa Air,2 hr 50 min.,15389 INR
"Kempegowda International Airport Bengaluru at 10:20 AM on Saturday, November 29","Indira Gandhi International Airport at 1:10 PM on Saturday, November 29",Akasa Air,2 hr 50 min.,15668 INR
"Kempegowda International Airport Bengaluru at 9:15 AM on Saturday, November 29","Indira Gandhi International Airport at 12:10 PM on Saturday, November 29",IndiGo,2 hr 55 min.,15940 INR
"Kempegowda International Airport Bengaluru at 8:00 AM on Saturday, November 29","Indira Gandhi International Airport at 10:45 AM on Saturday, November 29",IndiGo,2 hr 45 min.,16574 INR
"Kempegowda International Airport Bengaluru at 9:00 AM on Saturday, November 29","Indira Gandhi International Airport at 12:00 PM on Saturday, November 29",Air India,3 hr.,18434 INR
"Kempegowda International Airport Bengaluru at 1:00 PM on Saturday, November 29","Indira Gandhi International Airport at 3:55 PM on Saturday, November 29",IndiGo,2 hr 55 min.,19564 INR
